Title,Description
Desenvolvedora de Software Java Sênior - Vaga Afirmativa para Mulheres,"Desenvolvedora de Software Java Sênior - Vaga Afirmativa para Mulheres
Somos uma empresa global, líder em serviços de informação, conhecida no restante do mundo como Experian. Nos grandes momentos da vida, como a compra de um carro, a ida de um filho para a faculdade ou mesmo a abertura e expansão de um negócio, estamos presentes para empoderar consumidores e clientes a administrarem seus dados com confiança.
Contamos com mais de 20.000 pessoas operando em mais de 44 países; e, ao investirmos nelas, em tecnologia e em inovação, podemos ajudar negócios a se transformar e comunidades a prosperar, permitindo que mais pessoas se sintam incluídas nas oportunidades disponíveis. É dessa forma que todos os dias entregamos o nosso propósito de criar um futuro melhor.
Venha descobrir um mundo inesperado com a gente.
Como será o seu dia a dia?
Quais serão suas principais entregas?
O que estamos buscando em você?
Será um diferencial:
O que te oferecemos como diferencial!
Não atendeu todas as competências descritas na vaga? Estudos mostram que mulheres, pessoas não brancas e PcD deixam de se candidatar em vagas que não atendam 100% dos requerimentos. Aqui na Serasa Experian nós somos dedicados a criar um ambiente diverso e inclusivo. Se você gostou dessa vaga mas sua experiência não se encaixa totalmente, não se preocupe, nós te encorajamos a se aplicar de qualquer forma para que seu perfil seja avaliado!
#LI-REMOTE
Experian Careers - Creating a better tomorrow together

I'm interested
Privacy Policy
Full-time
Employee Status: Regular
Role Type: Hybrid
Department: Information Technology & Systems
Schedule: Full Time
Você também será responsável por sugerir, testar e acompanhar a implementação de novas tecnologias, buscando sempre inovações e melhorias;
Você participará de discussões de alinhamento com os times de tecnologia e produtos, ajudando a definir as melhores práticas de armazenamento e consumo de dados na nuvem da AWS;
Fazer a interface com os times de tecnologia e produtos a fim de definir as melhores práticas quanto ao armazenamento e consumo dos dados; além de sugerir, testar e acompanhar a implementação de novas tecnologias.
Responsável técnica para acompanhamento e execução da sprint;
Projetar, desenvolver e implementar aplicativos Java para a plataforma de nuvem da AWS usando o Kubernetes;
Trabalhar em estreita colaboração com a equipe de desenvolvimento e arquitetura para garantir que as soluções sejam escaláveis, de alta qualidade e eficientes;
Escrever código limpo, bem documentado e testado;
Resolver problemas complexos de programação e propor soluções inovadoras;
Manter-se atualizada com as novas tecnologias e metodologias, contribuindo com a equipe para a evolução do desenvolvimento de software;
Aplicar os padrões de governança de dados estabelecidos pela empresa;
Identificar oportunidades de melhorias no processo.
Java Core;
Spring Boot;
Amazon AWS (EC2, S3, EMR, MSK, SQS, GLUE);
Kubernetes / Docker;
Cultura DevOps;
Banco de dados SQL / NSQL;
Capacidade de trabalhar bem em equipe e se comunicar efetivamente com os stakeholders do projeto;
Ser autogerenciável;
Ter atuado em projetos metodologia ágil;
Inglês intermediário.
Jenkins;
Cucumber;
Angular;
Mongo DB;
Spark (Scala/Python);
Experiência em tecnologias de Big Data, como Hadoop, Spark e Kafka.
Ambiente em plena transformação;
Atuação global.
Ampla exposição a diferentes áreas da empresa, com desafios de negócios assim como de TI;
Temos muito cuidado com o bem-estar dos nossos colaboradores! Em nossos escritórios, mantemos uma estrutura que conta com diversos profissionais e serviços ligados à saúde como massagem, RPG, psicólogo, sala de relaxamento e muito mais! Além disso, temos alguns benefícios diferenciais como licença maternidade e paternidade estendida, horário de trabalho flexível, programa de participação nos lucros e resultados e o Share Saving - programa de ações para todos os funcionários da Experian!
Você também será responsável por sugerir, testar e acompanhar a implementação de novas tecnologias, buscando sempre inovações e melhorias;
Você participará de discussões de alinhamento com os times de tecnologia e produtos, ajudando a definir as melhores práticas de armazenamento e consumo de dados na nuvem da AWS;
Fazer a interface com os times de tecnologia e produtos a fim de definir as melhores práticas quanto ao armazenamento e consumo dos dados; além de sugerir, testar e acompanhar a implementação de novas tecnologias.
Responsável técnica para acompanhamento e execução da sprint;
Projetar, desenvolver e implementar aplicativos Java para a plataforma de nuvem da AWS usando o Kubernetes;
Trabalhar em estreita colaboração com a equipe de desenvolvimento e arquitetura para garantir que as soluções sejam escaláveis, de alta qualidade e eficientes;
Escrever código limpo, bem documentado e testado;
Resolver problemas complexos de programação e propor soluções inovadoras;
Manter-se atualizada com as novas tecnologias e metodologias, contribuindo com a equipe para a evolução do desenvolvimento de software;
Aplicar os padrões de governança de dados estabelecidos pela empresa;
Identificar oportunidades de melhorias no processo.
Java Core;
Spring Boot;
Amazon AWS (EC2, S3, EMR, MSK, SQS, GLUE);
Kubernetes / Docker;
Cultura DevOps;
Banco de dados SQL / NSQL;
Capacidade de trabalhar bem em equipe e se comunicar efetivamente com os stakeholders do projeto;
Ser autogerenciável;
Ter atuado em projetos metodologia ágil;
Inglês intermediário.
Jenkins;
Cucumber;
Angular;
Mongo DB;
Spark (Scala/Python);
Experiência em tecnologias de Big Data, como Hadoop, Spark e Kafka.
Ambiente em plena transformação;
Atuação global.
Ampla exposição a diferentes áreas da empresa, com desafios de negócios assim como de TI;
Temos muito cuidado com o bem-estar dos nossos colaboradores! Em nossos escritórios, mantemos uma estrutura que conta com diversos profissionais e serviços ligados à saúde como massagem, RPG, psicólogo, sala de relaxamento e muito mais! Além disso, temos alguns benefícios diferenciais como licença maternidade e paternidade estendida, horário de trabalho flexível, programa de participação nos lucros e resultados e o Share Saving - programa de ações para todos os funcionários da Experian!

Company Description
Job Description
Como será o seu dia a dia?
Quais serão suas principais entregas?
Qualifications
O que estamos buscando em você?
Será um diferencial:
Additional Information
O que te oferecemos como diferencial!
Não atendeu todas as competências descritas na vaga? Estudos mostram que mulheres, pessoas não brancas e PcD deixam de se candidatar em vagas que não atendam 100% dos requerimentos. Aqui na Serasa Experian nós somos dedicados a criar um ambiente diverso e inclusivo. Se você gostou dessa vaga mas sua experiência não se encaixa totalmente, não se preocupe, nós te encorajamos a se aplicar de qualquer forma para que seu perfil seja avaliado!
Job Location"
QA - Júnior,"Foco e objetivo: Sistema Customer Relationship Management
Experiência: Júnior (CLT)
Carga horária diária: 8 horas
Período de trabalho: 09:00 às 18:00
Descrição da Vaga: Estamos procurando um QA Júnior talentoso e detalhista para se juntar ao nosso time de desenvolvimento. Se você tem um olhar aguçado para detalhes, é apaixonado por qualidade de software e deseja iniciar ou aprimorar sua carreira em garantia de qualidade, esta oportunidade é perfeita para você! Como QA Júnior, você trabalhará em estreita colaboração com desenvolvedores, designers e outros membros da equipe para garantir que nossos produtos atendam aos mais altos padrões de qualidade.
Responsabilidades:
Requisitos:
Qualificações Desejáveis:
Foco e objetivo: Sistema Customer Relationship Management
Experiência: Pleno (CLT)
Carga horária diária: 8 horas
Período de trabalho: 09:00 às 18:00
Salário: 3.800,00 - Vale Transporte
Benefícios: Plano odontológico
Sobre a empresa: Seguimos o modelo de uma empresa Startup, tendo como objetivo principal ocasionar o autodesenvolvimento, fazendo com que se sintam confortáveis para executarem o que lhe é proposto todos os dias. Além disso, proporcionamos a possibilidade de crescimento para os colaboradores, baseando-se na meritocracia, e um plano de carreira estruturado.
Gostou? Venha fazer parte do nosso processo seletivo. Boa sorte :)
Tipo de vaga: Efetivo CLT
Pagamento: R$3.800,00 por mês
Benefícios:
Horário de trabalho:
Pagamento adicional:
Executar testes manuais em diferentes plataformas (web, mobile, desktop).
Criar e manter casos de teste, planos de teste e relatórios de bugs.
Identificar, registrar e rastrear defeitos e problemas de desempenho.
Colaborar com a equipe de desenvolvimento para resolver problemas encontrados.
Participar de revisões de requisitos e especificações para garantir que os requisitos de qualidade sejam atendidos.
Auxiliar na implementação e manutenção de testes automatizados.
Contribuir para a melhoria contínua dos processos de QA.
Experiência prévia em testes de software ou posição similar.
Conhecimento básico dos processos e metodologias de teste de software.
Habilidade em identificar e documentar bugs de forma clara e concisa.
Capacidade de trabalhar em equipe e comunicar-se efetivamente com desenvolvedores e outros stakeholders.
Atenção aos detalhes e forte capacidade de resolver problemas.
Graduação em Ciência da Computação, Engenharia de Software, Sistemas de Informação ou áreas correlatas.
Experiência com ferramentas de rastreamento de bugs (JIRA, Bugzilla, etc.).
Conhecimento básico de automação de testes e ferramentas relacionadas (Selenium, Cypress, etc.).
Familiaridade com metodologias ágeis (Scrum, Kanban).
Conhecimento de linguagens de programação é um diferencial (Python, Java, etc.).
Assistência odontológica
Vale-alimentação
Vale-transporte
De segunda à sexta-feira
Turno de 8 horas
13º salário
Bônus de aniversário
Executar testes manuais em diferentes plataformas (web, mobile, desktop).
Criar e manter casos de teste, planos de teste e relatórios de bugs.
Identificar, registrar e rastrear defeitos e problemas de desempenho.
Colaborar com a equipe de desenvolvimento para resolver problemas encontrados.
Participar de revisões de requisitos e especificações para garantir que os requisitos de qualidade sejam atendidos.
Auxiliar na implementação e manutenção de testes automatizados.
Contribuir para a melhoria contínua dos processos de QA.
Experiência prévia em testes de software ou posição similar.
Conhecimento básico dos processos e metodologias de teste de software.
Habilidade em identificar e documentar bugs de forma clara e concisa.
Capacidade de trabalhar em equipe e comunicar-se efetivamente com desenvolvedores e outros stakeholders.
Atenção aos detalhes e forte capacidade de resolver problemas.
Graduação em Ciência da Computação, Engenharia de Software, Sistemas de Informação ou áreas correlatas.
Experiência com ferramentas de rastreamento de bugs (JIRA, Bugzilla, etc.).
Conhecimento básico de automação de testes e ferramentas relacionadas (Selenium, Cypress, etc.).
Familiaridade com metodologias ágeis (Scrum, Kanban).
Conhecimento de linguagens de programação é um diferencial (Python, Java, etc.).
Assistência odontológica
Vale-alimentação
Vale-transporte
De segunda à sexta-feira
Turno de 8 horas
13º salário
Bônus de aniversário
Foco e objetivo: Sistema Customer Relationship Management
Experiência: Júnior (CLT)
Carga horária diária: 8 horas
Período de trabalho: 09:00 às 18:00
Descrição da Vaga:
Responsabilidades:
Requisitos:
Qualificações Desejáveis:
Foco e objetivo: Sistema Customer Relationship Management
Experiência: Pleno (CLT)
Carga horária diária: 8 horas
Período de trabalho: 09:00 às 18:00
Salário: 3.800,00 - Vale Transporte
Benefícios: Plano odontológico
Sobre a empresa: Seguimos o modelo de uma empresa Startup, tendo como objetivo principal ocasionar o autodesenvolvimento, fazendo com que se sintam confortáveis para executarem o que lhe é proposto todos os dias. Além disso, proporcionamos a possibilidade de crescimento para os colaboradores, baseando-se na meritocracia, e um plano de carreira estruturado.
Gostou? Venha fazer parte do nosso processo seletivo. Boa sorte :)"
Desenvolvedor(a) de Software,"Estamos contratando um(a) Desenvolvedor(a) de Software para atuar no desenvolvimento de chatbots e integrações relacionadas.
Vaga Remota
Papel e Responsabilidades
Competêrncias Técnicas /
Competências Comportamentais
Formação
Graduação em engenharia de computação, ciencia da computação, sistemas de informação, técnico em informática, engenharia de sistemas e afins.
Diferenciais
Desenvolvimento de bots na plataforma Blip
Correções de bugs
Desenvolvimento de APIs de integrações
Desenvolvimento front end (em especial para demandas de dashboard)
Acompanhar reuniões com clientes - Servir de suporte aos grupos de clientes no WhatsApp
Auxiliar desenvolvedores juniores e estagiários em suas dúvidas
Ser uma liderança técnica, fazer code review e avaliação técnica dos desenvolvedores juniores
Obrigatórios: conhecimento de Javascript e NodeJS Opcionais
Conhecimento de Blip
Executor
Boa comunicação
Aprendizagem rápida
Proatividade
Relacionamento interpessoal
Liderança
Inglês
Projetos anteriores
Experiências anteriores
Desenvolvimento de bots na plataforma Blip
Correções de bugs
Desenvolvimento de APIs de integrações
Desenvolvimento front end (em especial para demandas de dashboard)
Acompanhar reuniões com clientes - Servir de suporte aos grupos de clientes no WhatsApp
Auxiliar desenvolvedores juniores e estagiários em suas dúvidas
Ser uma liderança técnica, fazer code review e avaliação técnica dos desenvolvedores juniores
Obrigatórios: conhecimento de Javascript e NodeJS Opcionais
Conhecimento de Blip
Executor
Boa comunicação
Aprendizagem rápida
Proatividade
Relacionamento interpessoal
Liderança
Inglês
Projetos anteriores
Experiências anteriores
Papel e Responsabilidades
Competêrncias Técnicas /
Competências Comportamentais
Formação
Diferenciais"
Visagio Talentos - Estágio: Desenvolvedor(a) de Software,"Destinado a universitários dos cursos de Ciência da Computação, Engenharias, Sistemas de Informação e afins, que desejam se desenvolver em projetos de Engenharia de Dados, Automação de Processos, Gestão de TI e Desenvolvimento de Software. Nosso time atua em contextos desafiadores em nossos clientes, com objetivo de gerar valor ao negócio através de tecnologia.

Nosso time atua em todo o ciclo de vida do desenvolvimento, desde o discovery da solução até o delivery, inclusive no suporte e melhoria contínua das soluções.

Se você se interessa por trabalhar em um ambiente ágil, não-hierárquico, colaborativo, com alta curva de aprendizado junto a um grupo incrível de transformação de negócios, seu lugar é na Visagio!

Esta vaga é destinada ao banco de talentos, então seu currículo será guardado por nosso time e assim que tivermos necessidade entraremos em contato!
Este processo seletivo contém as seguintes etapas:
Somos uma empresa do Grupo Visagio focada em desenvolver soluções digitais de alto impacto que transformam e evoluem o negócio de nossos clientes. Através de um ambiente de alta dinamicidade e engajamento com propósito, missão e cultura genuínos, buscamos pessoas apaixonadas por resolver problemas complexos por meio de inovação e tecnologia.

Aqui estamos comprometidos com a diversidade e inclusão em todas as áreas de nosso negócio. Valorizamos a diversidade de pensamento, perspectivas e experiências em nosso local de trabalho. Comprometemo-nos a criar um ambiente de trabalho inclusivo e justo para todos, independentemente de sua origem geográfica, raça, etnia, idade, gênero, orientação sexual, ou deficiência, para que possam contribuir com todo o seu potencial.

Se você busca realizar feitos grandiosos em um ambiente colaborativo e de crescimento acelerado, seu lugar é aqui!

Para nos conhecer um pouco mais, acesse o nosso site: http://www.v-dev.io
Desenvolvimento front-end e/ou back-end;
Correção de bugs e melhoria contínua;
Definição de melhores tecnologias a serem usadas nos sistemas desenvolvidos;
Propor e implementar novas ferramentas, técnicas e metodologias;
Compartilhar e evoluir o conhecimento técnico do time;
Estamos buscando pessoas com ou sem experiência, então fique tranquilo, nosso time está aqui para lhe ajudar na formação ;)
Desejável conhecimento básico em metodologias ágeis, padrões de projeto e arquitetura de sistemas;
Dado que atuamos em diferentes clientes e ambientes, não há nenhum requisito mínimo de conhecimento de stack, mas é desejável conhecimento básico em pelo menos uma linguagem de programação (ex: C#, Kotlin, Ruby, etc.) e framework (ex: .NET, SpringBoot, Rails, etc.)
Cadastro
Teste de Perfil
Histórico Acadêmico e Webinar Institucional
Teste de Lógica
Teste de Tecnologia
Lista de Espera
Teste de Programação
Entrevistas
Teste Situacional
Desenvolvimento front-end e/ou back-end;
Correção de bugs e melhoria contínua;
Definição de melhores tecnologias a serem usadas nos sistemas desenvolvidos;
Propor e implementar novas ferramentas, técnicas e metodologias;
Compartilhar e evoluir o conhecimento técnico do time;
Estamos buscando pessoas com ou sem experiência, então fique tranquilo, nosso time está aqui para lhe ajudar na formação ;)
Desejável conhecimento básico em metodologias ágeis, padrões de projeto e arquitetura de sistemas;
Dado que atuamos em diferentes clientes e ambientes, não há nenhum requisito mínimo de conhecimento de stack, mas é desejável conhecimento básico em pelo menos uma linguagem de programação (ex: C#, Kotlin, Ruby, etc.) e framework (ex: .NET, SpringBoot, Rails, etc.)
Cadastro
Teste de Perfil
Histórico Acadêmico e Webinar Institucional
Teste de Lógica
Teste de Tecnologia
Lista de Espera
Teste de Programação
Entrevistas
Teste Situacional













banco de talentos
assim que tivermos necessidade entraremos em contato
Responsabilidades e atribuições
Requisitos e qualificações
Informações adicionais"
Visagio Talentos - Formados: Desenvolvedor(a) de Software,"Destinado à graduados nos cursos de Ciência da Computação, Engenharias, Sistemas de Informação e afins, que desejam se desenvolver em projetos de Engenharia de Dados, Automação de Processos, Gestão de TI e Desenvolvimento de Software. Nosso time atua em contextos desafiadores em nossos clientes, com objetivo de gerar valor ao negócio através de tecnologia.

Nosso time atua em todo o ciclo de vida do desenvolvimento, desde o discovery da solução até o delivery, inclusive no suporte e melhoria contínua das soluções.

Se você se interessa por trabalhar em um ambiente ágil, não-hierárquico, colaborativo, com alta curva de aprendizado junto a um grupo incrível de transformação de negócios, seu lugar é na Visagio!

Esta vaga é destinada ao banco de talentos, então seu currículo será guardado por nosso time e assim que tivermos necessidade entraremos em contato!
Este processo seletivo contém as seguintes etapas:
Somos uma empresa do Grupo Visagio focada em desenvolver soluções digitais de alto impacto que transformam e evoluem o negócio de nossos clientes. Através de um ambiente de alta dinamicidade e engajamento com propósito, missão e cultura genuínos, buscamos pessoas apaixonadas por resolver problemas complexos por meio de inovação e tecnologia.

Aqui estamos comprometidos com a diversidade e inclusão em todas as áreas de nosso negócio. Valorizamos a diversidade de pensamento, perspectivas e experiências em nosso local de trabalho. Comprometemo-nos a criar um ambiente de trabalho inclusivo e justo para todos, independentemente de sua origem geográfica, raça, etnia, idade, gênero, orientação sexual, ou deficiência, para que possam contribuir com todo o seu potencial.

Se você busca realizar feitos grandiosos em um ambiente colaborativo e de crescimento acelerado, seu lugar é aqui!

Para nos conhecer um pouco mais, acesse o nosso site: http://www.v-dev.io
Desenvolvimento front-end e/ou back-end;
Correção de bugs e melhoria contínua;
Definição de melhores tecnologias a serem usadas nos sistemas desenvolvidos;
Propor e implementar novas ferramentas, técnicas e metodologias;
Compartilhar e evoluir o conhecimento técnico do time;
Estamos buscando pessoas com ou sem experiência, então fique tranquilo, nosso time está aqui para lhe ajudar na formação ;)
Desejável conhecimento básico em metodologias ágeis, padrões de projeto e arquitetura de sistemas;
Dado que atuamos em diferentes clientes e ambientes, não há nenhum requisito mínimo de conhecimento de stack, mas é desejável conhecimento básico em pelo menos uma linguagem de programação (ex: C#, Kotlin, Ruby, etc.) e framework (ex: .NET, SpringBoot, Rails, etc.)
Cadastro
Teste de Perfil
Histórico Acadêmico e Webinar Institucional
Teste de Lógica
Teste de Tecnologia
Lista de Espera
Teste de Programação
Entrevistas
Teste Situacional
Desenvolvimento front-end e/ou back-end;
Correção de bugs e melhoria contínua;
Definição de melhores tecnologias a serem usadas nos sistemas desenvolvidos;
Propor e implementar novas ferramentas, técnicas e metodologias;
Compartilhar e evoluir o conhecimento técnico do time;
Estamos buscando pessoas com ou sem experiência, então fique tranquilo, nosso time está aqui para lhe ajudar na formação ;)
Desejável conhecimento básico em metodologias ágeis, padrões de projeto e arquitetura de sistemas;
Dado que atuamos em diferentes clientes e ambientes, não há nenhum requisito mínimo de conhecimento de stack, mas é desejável conhecimento básico em pelo menos uma linguagem de programação (ex: C#, Kotlin, Ruby, etc.) e framework (ex: .NET, SpringBoot, Rails, etc.)
Cadastro
Teste de Perfil
Histórico Acadêmico e Webinar Institucional
Teste de Lógica
Teste de Tecnologia
Lista de Espera
Teste de Programação
Entrevistas
Teste Situacional













banco de talentos
assim que tivermos necessidade entraremos em contato
Responsabilidades e atribuições
Requisitos e qualificações
Informações adicionais"
Desenvolvedor Júnior – Front-end Angular,"
Requisitos
Diferenciais
Contratação CLT ou PJ, à combinar
Ajuda no custo no caso de optar pela medicina em grupo;
Vaga 100% Home Office;
Licença Alura para estudo;
Sobre a empresa:
Estamos buscando profissionais apaixonados pelo desenvolvimento de software e que buscam a excelência em tudo que fazem, que entendam o valor de uma equipe, que estejam dispostos a compartilhar conhecimento e que acima de tudo goste de um ambiente dinâmico, fora da zona de conforto.
Priorizamos um ambiente de trabalho leve e sadio, com uma equipe no qual todos querem melhorar como pessoas e contribuir para o crescimento pessoal de todos os envolvidos, prezando o respeito, ética e união.

Experiência de 6 de meses a 2 anos com Angular 5+
Conhecimento em boas práticas de css e design responsivo
Conhecimento em programação orientada a objetos
Conhecimento em lógica de programação
Conceitos de SOLID, Design Partner, TDD
Conhecimento em backend: nodeJS, C#, Java
SQL Server, Postgresql
Experiência de 6 de meses a 2 anos com Angular 5+
Conhecimento em boas práticas de css e design responsivo
Conhecimento em programação orientada a objetos
Conhecimento em lógica de programação
Conceitos de SOLID, Design Partner, TDD
Conhecimento em backend: nodeJS, C#, Java
SQL Server, Postgresql






Requisitos
Angular 5+
Diferenciais
Sobre a empresa:"
ESTAGIARIO DE DESENVOLVIMENTO - SAO PAULO,"Somos uma desenvolvedora de softwares, como foco no segmento de logística e transporte.
Você trabalhará com: Visual Studio, .NET, C# e MySQL
Você será responsável por desenvolver novas features para nossos principais sistemas e participar da construção de um sistema novo.
Você terá a oportunidade de conhecer o processo como todo e não simplesmente ser uma pequena parte da engrenagem.
Trabalhamos com Scrum e ficará claro para você quais são suas atividades e o que esperamos de você.
Você terá oportunidade de interagir com nossos clientes para discutir novos projetos e apresentar as soluções que você desenvolveu
Ficará claro para você quais são os rumos da empresa, e você contará com um acompanhamento constante dos gestores
Estar matriculado em um curso diretamente relacionado a análise e desenvolvimento de sistemas
Orientação a objetos (conceitos básicos de orientação a objetos, modelagem de classes, preferível conhecimentos de desenvolvimento em camadas, porém não obrigatório)
Conhecimentos em VB.Net ou C#
Noções de banco de dados (Comandos de criação, alteração de tables, inclusão e modificação de dados)
Raciocínio lógico dedutivo e indutivo;
Capacidade para solucionar problemas;
Capacidade de aprendizagem;
Técnico
Desenvolvimento mobile
Scrum
Capacidade para trabalhar em equipe;
Ânimo realizador;
Sociabilidade;
Capacidade para visualizar objetivos e metas;
Capacidade de planejamento e organização.. Cargo: ESTAGIARIO DE DESENVOLVIMENTO - SAO PAULO | Salario: R$ 1.200,00. | Ensino: Ensino superior - Bacharelado | Licenciatura | Tecnologia. | Turno: Manhã e Tarde. | Area: Outros. | Experiencia: . | Cidade: São Paulo / SP
Somos uma desenvolvedora de softwares, como foco no segmento de logística e transporte.
Você trabalhará com: Visual Studio, .NET, C# e MySQL
Você será responsável por desenvolver novas features para nossos principais sistemas e participar da construção de um sistema novo.
Você terá a oportunidade de conhecer o processo como todo e não simplesmente ser uma pequena parte da engrenagem.
Trabalhamos com Scrum e ficará claro para você quais são suas atividades e o que esperamos de você.
Você terá oportunidade de interagir com nossos clientes para discutir novos projetos e apresentar as soluções que você desenvolveu
Ficará claro para você quais são os rumos da empresa, e você contará com um acompanhamento constante dos gestores
Estar matriculado em um curso diretamente relacionado a análise e desenvolvimento de sistemas
Orientação a objetos (conceitos básicos de orientação a objetos, modelagem de classes, preferível conhecimentos de desenvolvimento em camadas, porém não obrigatório)
Conhecimentos em VB.Net ou C#
Noções de banco de dados (Comandos de criação, alteração de tables, inclusão e modificação de dados)
Raciocínio lógico dedutivo e indutivo;
Capacidade para solucionar problemas;
Capacidade de aprendizagem;
Técnico
Desenvolvimento mobile
Scrum
Capacidade para trabalhar em equipe;
Ânimo realizador;
Sociabilidade;
Capacidade para visualizar objetivos e metas;
Capacidade de planejamento e organização.. Cargo: ESTAGIARIO DE DESENVOLVIMENTO - SAO PAULO | Salario: R$ 1.200,00. | Ensino: Ensino superior - Bacharelado | Licenciatura | Tecnologia. | Turno: Manhã e Tarde. | Area: Outros. | Experiencia: . | Cidade: São Paulo / SP













EXIGIDO:
DIFERENCIAIS:"
Desenvolvedor .NET Júnior,"Prazer! Nós somos a Prosperi. Uma empresa que ajuda as organizações a melhorar a vida das pessoas através de inovação e soluções colaborativas de gerenciamento.
Nossos projetos têm destaque no quesito inovação, entregando rapidamente importantes sistemas aos nossos clientes. Nosso time atua com bastante autonomia para emplacar novas tecnologias, metodologias e ferramentas, enriquecendo suas experiências nesse rico contexto de trabalho.
Estamos buscando um Desenvolvedor .NET Júnior para atuar em nossos projetos de software em metodologia Agile.
Suas principais atividades serão:


Requisitos obrigatórios:


Requisito desejável:


Além de um excelente lugar para se trabalhar, oferecemos:
Plano de Saúde
Vale-refeição
Vale-transporte
Participação de lucros (PLR)
Seguro de vida
Day off de aniversário
Moodar, plataforma de saúde e bem-estar com terapia online
Incentivo à certificação
Programa de Indicação Profissional
️‍ ️ Gympass
Desenvolver sistemas e aplicativos conforme requisitos e regras de negócio
Participar dos ritos Scrum nos projetos
Realizar testes de qualidade nos produtos desenvolvidos
Ensino superior completo nas áreas de TI
Experiência em desenvolvimento .NET / Microsoft SQL Server
Boa compreensão de textos
Boa lógica de programação
Experiência em desenvolvimento com Angular
Experiência com metodologia Agile
Desenvolver sistemas e aplicativos conforme requisitos e regras de negócio
Participar dos ritos Scrum nos projetos
Realizar testes de qualidade nos produtos desenvolvidos
Ensino superior completo nas áreas de TI
Experiência em desenvolvimento .NET / Microsoft SQL Server
Boa compreensão de textos
Boa lógica de programação
Experiência em desenvolvimento com Angular
Experiência com metodologia Agile






Desenvolvedor .NET Júnior
Suas principais atividades serão:
Requisitos obrigatórios:
Requisito desejável:
Além de um excelente lugar para se trabalhar, oferecemos:"
Estagiário - Desenvolvedor Back-End,"Você é o tipo de pessoa engajada por transformação, inovação e tecnologia? Gosta de trabalhar em equipes autônomas e com liberdade criativa? A tgid nasceu com o propósito de auxiliar empreendedores a tirar seus projetos do papel, contando com uma equipe altamente qualificada e experiente no mercado de startups. Chegamos até aqui incentivando a liberdade e criatividade do nosso time!

E aí? O que você acha se juntar ao nosso time e fazer parte do nosso ecossistema?

Bem-vinda (o) à tgid!

Somos apaixonados por impulsionar empreendedores e possuímos uma equipe diversificada e altamente qualificada para apoiar start-ups e impulsiona-las a alcançarem o máximo de seu potencial.

Trabalhamos no modelo de Venture Building e hoje a holding possuí 6 startup’s em desenvolvimento, sendo elas: Desconfie Já, Logtrack, Level, SafeWay, Arckpay e Blbrokers.

Vivemos na era digital, onde a transformação e o crescimento são essenciais. É por isso que convidamos você a fazer parte do nosso ecossistema, onde poderá se transformar e prosperar nesse ambiente cada vez mais digital.
Participar de reuniões e sessões de brainstorming para entender os requisitos do projeto;
Auxiliar no desenvolvimento dos nossos produtos;
Testar e depurar softwares para garantir que estejam funcionando corretamente;
Colaborar com a equipe para identificar e corrigir bugs ou problemas de desempenho;
Realizar pesquisas e análises para auxiliar no desenvolvimento de soluções técnicas;
Documentar o código e os processos de desenvolvimento;
Aprender e aplicar as melhores práticas de programação e metodologias de desenvolvimento.
Conhecimento básico em lógica de programação;
Conhecimento em versionamento de código (GIT);
Desejável conhecimento de metodologias ágeis, Scrum;
Desejável conhecimento em Java Spring Boot para desenvolvimento back-end;
Capacidade de aprender rapidamente e se adaptar a novas tecnologias e ferramentas;
Pro-atividade;
Facilidade de trabalho em equipe;
Boa capacidade de resolução de problemas e pensamento lógico;
Ensino superior em curso em Ciência da Computação, Engenharia de Software, Sistemas de Informação ou áreas relacionadas.
Participar de reuniões e sessões de brainstorming para entender os requisitos do projeto;
Auxiliar no desenvolvimento dos nossos produtos;
Testar e depurar softwares para garantir que estejam funcionando corretamente;
Colaborar com a equipe para identificar e corrigir bugs ou problemas de desempenho;
Realizar pesquisas e análises para auxiliar no desenvolvimento de soluções técnicas;
Documentar o código e os processos de desenvolvimento;
Aprender e aplicar as melhores práticas de programação e metodologias de desenvolvimento.
Conhecimento básico em lógica de programação;
Conhecimento em versionamento de código (GIT);
Desejável conhecimento de metodologias ágeis, Scrum;
Desejável conhecimento em Java Spring Boot para desenvolvimento back-end;
Capacidade de aprender rapidamente e se adaptar a novas tecnologias e ferramentas;
Pro-atividade;
Facilidade de trabalho em equipe;
Boa capacidade de resolução de problemas e pensamento lógico;
Ensino superior em curso em Ciência da Computação, Engenharia de Software, Sistemas de Informação ou áreas relacionadas.










Responsabilidades e atribuições
Requisitos e qualificações
Informações adicionais
Desconfie Já
Logtrack
Level
SafeWay
Arckpay
Blbrokers"
Desenvolvedor NodeJS/React,"A Log,Lab Inteligência Digital é uma empresa com mais de 21 anos de mercado, atuando exclusivamente no setor público, junto à empresas estatais, instituições e órgãos da esfera municipal, estadual e federal. Esta experiência nos confere a possibilidade de agregar muito valor aos contratos nos quais atuamos, por conhecer a fundo as dificuldades e problemas enfrentados pelas instituições públicas no Brasil, e pela troca e compartilhamento do conhecimento adquirido, já que participamos de inúmeros projetos de sucesso por todo o país.

O Desenvolvedor, profissional da PARCEIRA, é responsável por executar os serviços necessários a codificação de aplicações, sistemas, componentes e/ou serviços (back-end) e configuração de ambientes, abrangendo análise dos requisitos, manipulação de banco de dados, elaboração de documentação para referência futura, além de atividades relacionadas à criação/adaptação de interface do usuário (front-end). Dessa forma o profissional deve ter um conhecimento multidisciplinar nas várias áreas exigidas. Tal perfil é comumente denominado “full-stack” e visa valorizar as habilidades e os conhecimentos de computação do desenvolvedor e da equipe.

Contratação PJ
100% Home Office
A Log,Lab Inteligência Digital é uma empresa com mais de 20 anos de mercado, atuando exclusivamente no setor público, junto à empresas estatais, instituições e órgãos da esfera municipal, estadual e federal.
Esta experiência nos confere a possibilidade de agregar muito valor aos contratos nos quais atuamos, por conhecer a fundo as dificuldades e problemas enfrentados pelas instituições públicas no Brasil, e pela troca e compartilhamento do conhecimento adquirido, já que participamos de inúmeros projetos de sucesso por todo o país.
Em resumo, somos realmente uma empresa parceira dos nossos clientes, com o foco em melhorar e revolucionar a vida dos cidadãos através da inovação e da transformação digital.
Codificação: Escrever código de programação de alta qualidade para atender aos requisitos do projeto. Isso pode incluir o desenvolvimento de aplicativos, sistemas, sites, ou componentes de software. Necessário conhecimento em React.js, Node, PostgreSQL
Teste e Depuração: Testar o código para garantir que funcione conforme o esperado e depurar (corrigir) qualquer problema identificado.
Colaboração: Trabalhar em estreita colaboração com outros membros da equipe de desenvolvimento, incluindo designers, analistas de qualidade e outros desenvolvedores.
Revisão de Código: Participar de revisões de código para garantir a qualidade do código produzido e a conformidade com os padrões da equipe.
Integração de Sistemas: Integrar diferentes sistemas e componentes de software para garantir que eles funcionem juntos
de forma eficaz.
Otimização de Desempenho: Identificar e implementar melhorias de desempenho no código para garantir que o software
seja eficiente.
Documentação: Criar documentação técnica para auxiliar outros membros da equipe e para futuras manutenções.
Aprendizado Contínuo: Manter-se atualizado com as últimas tendências e tecnologias de desenvolvimento
Graduação em curso de nível superior na área de Tecnologia da Informação, ou conclusão de qualquer curso de nível superior acompanhado de certificado de curso de pós-graduação, em nível Lato Senso e/ou Strictu Sensu, na área de Tecnologia da Informação;
Experiência comprovada de 5 (cinco) anos com desenvolvimento de sistemas,aplicações e web services em Node.js com React
Codificação: Escrever código de programação de alta qualidade para atender aos requisitos do projeto. Isso pode incluir o desenvolvimento de aplicativos, sistemas, sites, ou componentes de software. Necessário conhecimento em React.js, Node, PostgreSQL
Teste e Depuração: Testar o código para garantir que funcione conforme o esperado e depurar (corrigir) qualquer problema identificado.
Colaboração: Trabalhar em estreita colaboração com outros membros da equipe de desenvolvimento, incluindo designers, analistas de qualidade e outros desenvolvedores.
Revisão de Código: Participar de revisões de código para garantir a qualidade do código produzido e a conformidade com os padrões da equipe.
Integração de Sistemas: Integrar diferentes sistemas e componentes de software para garantir que eles funcionem juntos
de forma eficaz.
Otimização de Desempenho: Identificar e implementar melhorias de desempenho no código para garantir que o software
seja eficiente.
Documentação: Criar documentação técnica para auxiliar outros membros da equipe e para futuras manutenções.
Aprendizado Contínuo: Manter-se atualizado com as últimas tendências e tecnologias de desenvolvimento
Graduação em curso de nível superior na área de Tecnologia da Informação, ou conclusão de qualquer curso de nível superior acompanhado de certificado de curso de pós-graduação, em nível Lato Senso e/ou Strictu Sensu, na área de Tecnologia da Informação;
Experiência comprovada de 5 (cinco) anos com desenvolvimento de sistemas,aplicações e web services em Node.js com React









Responsabilidades e atribuições
Codificação:

React.js, Node, PostgreSQL
Teste e Depuração:

.
Colaboração:

Revisão de Código:

Integração de Sistemas:
Otimização de Desempenho:
Documentação:
Aprendizado Contínuo:
Requisitos e qualificações
Informações adicionais"
Desenvolvedor Full Stack,"Missão: Atuar em todos os níveis do desenvolvimento de software, do back-end ao front-end, projetando funcionalidade completa de um produto e desenvolvendo soluções para WordPress e nossas ferramentas internas, garantindo compatibilidade entre funcionalidades e APIs existentes no nosso CMS e ferramentas internas e de parceiros. Atuar em todas as etapas do desenvolvimento do produto, desde a concepção até a implementação, manutenção e ajustes de desempenho.

Com o intuito de aproximar as pessoas, as colocando como protagonistas de nossa história, te convidamos a fazer parte do processo seletivo do canal de notícias mais imparcial do Brasil.

Fique por dentro de nossas vagas.

#VemserCNNBrasil


Diferencial:


Imprescindível:

Benefícios:


Local de trabalho: Av. Paulista | Presencial
Somos um veículo de comunicação multiplataforma com a programação transmitida ao vivo através do canal 577 das principais operadoras de Paytv, Prime Video, Youtube e Samsung TV Plus.. além de presença nas parabólicas, um dos principais portais de noticias e muito conteúdo nas redes sociais, newsletters e etc...
Nossa equipe conta com repórteres espalhados pelo país, correspondentes internacionais e um time reconhecido de jornalistas, apresentadores e comentaristas.

Reforçando ainda mais os principais pilares e posicionamento da marca: Agilidade, Relevância e Equilíbrio.

Pense bem, pense CNN.

Venha fazer parte desse time também!
Lidera projetos de desenvolvimento de software, planejando, codificando e implementando funcionalidades de back-end e front-end, para entregar soluções de software completas que atendam aos requisitos do projeto;
Orientar tecnicamente desenvolvedores FullStack Jr e Pl, compartilhando conhecimento e fornecendo feedback;
Projetar e desenvolver interfaces de usuário avançadas, responsivas e intuitivas, garantindo uma ótima experiência do usuário;
Desenvolver a lógica de negócios, criando APIs robustas, garantindo o desempenho e a escalabilidade dos sistemas;
Resolver problemas depurando e avaliando a arquitetura de software;
Liderar projetos, participar de decisões técnicas, definir diretrizes de desenvolvimento e mentorar outros membros da equipe;
Participar da tomada de decisões estratégicas, trazendo sua experiência técnica e compreensão das necessidades do usuário, para garantir que as decisões tomadas beneficiem tanto os usuários quanto o negócio.
Graduação em Tecnologia da Informação ou áreas afins;
Domínio em HTML, CSS, JavaScript, PHP orientado à objetos e Composer;
Domínio em desenvolvimento com WordPress e em criação de blocos com Gutenberg;
Noções de otimização de performance de Back e Front-end;
Noções de bancos de dados SQL;
Domínio em ferramentas de controle de versão, como Git;
Noções de princípios de arquitetura de software e design patterns.
Conhecimento em NextJS e TailwindCSS.
Inglês técnico.
Vale Refeição
Vale Transporte
Assistência Médica
Assistência Odontológica
Convênio Farmácia
Seguro de Vida
Gympass
Convênio com SESC
Lidera projetos de desenvolvimento de software, planejando, codificando e implementando funcionalidades de back-end e front-end, para entregar soluções de software completas que atendam aos requisitos do projeto;
Orientar tecnicamente desenvolvedores FullStack Jr e Pl, compartilhando conhecimento e fornecendo feedback;
Projetar e desenvolver interfaces de usuário avançadas, responsivas e intuitivas, garantindo uma ótima experiência do usuário;
Desenvolver a lógica de negócios, criando APIs robustas, garantindo o desempenho e a escalabilidade dos sistemas;
Resolver problemas depurando e avaliando a arquitetura de software;
Liderar projetos, participar de decisões técnicas, definir diretrizes de desenvolvimento e mentorar outros membros da equipe;
Participar da tomada de decisões estratégicas, trazendo sua experiência técnica e compreensão das necessidades do usuário, para garantir que as decisões tomadas beneficiem tanto os usuários quanto o negócio.
Graduação em Tecnologia da Informação ou áreas afins;
Domínio em HTML, CSS, JavaScript, PHP orientado à objetos e Composer;
Domínio em desenvolvimento com WordPress e em criação de blocos com Gutenberg;
Noções de otimização de performance de Back e Front-end;
Noções de bancos de dados SQL;
Domínio em ferramentas de controle de versão, como Git;
Noções de princípios de arquitetura de software e design patterns.
Conhecimento em NextJS e TailwindCSS.
Inglês técnico.
Vale Refeição
Vale Transporte
Assistência Médica
Assistência Odontológica
Convênio Farmácia
Seguro de Vida
Gympass
Convênio com SESC

















#VemserCNNBrasil
Responsabilidades e atribuições
Requisitos e qualificações
Diferencial:
Imprescindível:
Informações adicionais
Benefícios:
Local de trabalho: Av. Paulista | Presencial
Agilidade, Relevância e Equilíbrio.
Pense bem, pense CNN.
Venha fazer parte desse time também!"
Pessoa desenvolvedora nível Estagiário,"Se você procura uma empresa que possua um ambiente colaborativo, inovação constante, com grandes oportunidades e que tenha como propósito causar impacto positivo na sociedade, seu lugar é conosco!

Nós desenvolvemos aplicações web e mobile, com as seguintes tecnologias / frameworks:

Aqui você poderá aprender isso e muito mais, dependendo do caminho que você escolher.
Principais atribuições para o cargo:

Requisito obrigatório:

Conhecimentos desejáveis (não obrigatórios):


Aspectos complementares para o cargo:

Diferenciais:

Salários e benefícios
No decorrer da nossa história desenvolvemos tecnologias de ponta para a elaboração e estruturação de sistemas para coleta, armazenamento, visualização e gestão de dados, sob forma mobile, plataforma on-line e banco de dados geoespacial; além de ampla experiência no desenvolvimento de soluções para o mapeamento e monitoramento de uso e cobertura do solo em todo o território nacional.
PHP - CakePHP, Laravel
NodeJs / Elixir
Javascript - ReactJs, Angular
Banco de dados: PostgreSQL / PostGIS / Realm
Android: Java / Kotlin
Google Earth Engine
AWS / GCP
Contribuir na codificação e documentação de aplicações
Reforçar aprendizado em conceitos de programação
Estudar regras de negócios das soluções desenvolvidas
Participar da modelagem de soluções tecnológicas junto a clientes
Participar de rotinas em equipes ágeis e multidisciplinares
Cursando graduação em TI, de preferência a partir do sexto semestre
Noções de linguagens de programação (PHP, Python, Javascript, Java)
Noções de banco de dados
Conhecimento em lógica de programação
Conhecimento em linguagens de programação orientada a objetos
Boa capacidade de sinergia e trabalho em equipe
Boa capacidade de planejamento
Trabalho com orientação para resultados
Boa capacidade de aprendizagem e desenvolvimento
Conhecimentos em desenvolvimento ágil de software
Conhecimento prático em qualidade de software
Boa capacidade analítica
Boa capacidade de entrega
Ambiente sadio e colaborativo
Horário flexível
Sem ""dress code""
Frutas e outros alimentos (quando no escritório)
Interações com empresas no mundo inteiro
Salário mínimo (R$ 1.212,00)
Vale alimentação (R$ 1.000,00)
Auxílio transporte
PHP - CakePHP, Laravel
NodeJs / Elixir
Javascript - ReactJs, Angular
Banco de dados: PostgreSQL / PostGIS / Realm
Android: Java / Kotlin
Google Earth Engine
AWS / GCP
Contribuir na codificação e documentação de aplicações
Reforçar aprendizado em conceitos de programação
Estudar regras de negócios das soluções desenvolvidas
Participar da modelagem de soluções tecnológicas junto a clientes
Participar de rotinas em equipes ágeis e multidisciplinares
Cursando graduação em TI, de preferência a partir do sexto semestre
Noções de linguagens de programação (PHP, Python, Javascript, Java)
Noções de banco de dados
Conhecimento em lógica de programação
Conhecimento em linguagens de programação orientada a objetos
Boa capacidade de sinergia e trabalho em equipe
Boa capacidade de planejamento
Trabalho com orientação para resultados
Boa capacidade de aprendizagem e desenvolvimento
Conhecimentos em desenvolvimento ágil de software
Conhecimento prático em qualidade de software
Boa capacidade analítica
Boa capacidade de entrega
Ambiente sadio e colaborativo
Horário flexível
Sem ""dress code""
Frutas e outros alimentos (quando no escritório)
Interações com empresas no mundo inteiro
Salário mínimo (R$ 1.212,00)
Vale alimentação (R$ 1.000,00)
Auxílio transporte















Responsabilidades e atribuições
Principais atribuições para o cargo
Requisitos e qualificações
Requisito obrigatório:
Conhecimentos desejáveis (não obrigatórios):
Aspectos complementares para o cargo:
Informações adicionais
Diferenciais"
Desenvolvedor Backend Júnior,"Procura um lugar para construir uma história GIGANTE?
Então se liga no que vou falar:
Temos uma missão para ser Desenvolvedor Backend Júnior aqui na KOR Solutions!
Somos uma startup LawTech em crescimento super acelerado, que atua nas resoluções de conflitos judiciais e extrajudiciais entre as empresas e seus consumidores. Pensamos sempre na manutenção dos clientes e na preservação da imagem da empresa e promovemos uma rápida negociação automatizada entre as partes, via Inteligência Artificial, aquela combinação perfeita entre inovação tecnológica, serviços e integração com o negócio.
Legal né?
Para saber mais: www.kor.solutions
Sua gigante missão...
Para cumprir essa missão...
Por aqui temos:
Venha fazer parte, venha ser GIGANTE!
Realizar o desenvolvimento de APIs e serviços robustos;
Realizar a integração entre sistemas;
Realizar testes e;
A manutenção contínua do código.
Conhecimento e experiência prática com Node.js e TypeScript;
Familiaridade com bancos de dados relacionais, como PostgreSQL, e não relacionais, como DynamoDB e Firebase;
Compreensão dos princípios de desenvolvimento backend, incluindo conceitos de API, autenticação e segurança;
Conhecimento em serviços de computação em nuvem da AWS, como EC2, Lambdas, API Gateway, SQS, SNS, etc;
Formação Completa em Ciência da Computação, Engenharia de Software, Engenharia da Computação, Sistemas de Informação, Tecnologia da Informação e/ou Análise e Desenvolvimento de Sistemas e;
Experiência mínima de um ano.
Oportunidade de construir a sua história em uma empresa GIGANTE;
Ambiente sensacional e sem burocras;
Liderança HUMANIZADA;
Crescimento meritocrático e humanizado;
Seguro de Vida;
TotalPass;
Saúde Mental;
Saúde Nutricional;
Formato home-office e;
Regime de Contratação PJ.
Realizar o desenvolvimento de APIs e serviços robustos;
Realizar a integração entre sistemas;
Realizar testes e;
A manutenção contínua do código.
Conhecimento e experiência prática com Node.js e TypeScript;
Familiaridade com bancos de dados relacionais, como PostgreSQL, e não relacionais, como DynamoDB e Firebase;
Compreensão dos princípios de desenvolvimento backend, incluindo conceitos de API, autenticação e segurança;
Conhecimento em serviços de computação em nuvem da AWS, como EC2, Lambdas, API Gateway, SQS, SNS, etc;
Formação Completa em Ciência da Computação, Engenharia de Software, Engenharia da Computação, Sistemas de Informação, Tecnologia da Informação e/ou Análise e Desenvolvimento de Sistemas e;
Experiência mínima de um ano.
Oportunidade de construir a sua história em uma empresa GIGANTE;
Ambiente sensacional e sem burocras;
Liderança HUMANIZADA;
Crescimento meritocrático e humanizado;
Seguro de Vida;
TotalPass;
Saúde Mental;
Saúde Nutricional;
Formato home-office e;
Regime de Contratação PJ.
Procura um lugar para construir uma história GIGANTE?
Desenvolvedor Backend Júnior
Sua gigante missão...
Para cumprir essa missão...
Por aqui temos:"
SOFTWARE ENGINEER SPECIALIST- DEVX - BACKEND,"Nosso modo de fazer no time
Somos uma equipe de tecnologia dentro da vertical de Developer Experience, que pensa, inova e desenvolve componentes, bibliotecas e SDKs com propósito de padronizar e aumentar a qualidade e produtividade dos desenvolvedores iFood.
Com nossas habilidades complementares, temos o sonho de construir e evoluir o ciclo de desenvolvimento e entrega dos nossos softwares. Por isso, buscamos pessoas com ânsia de aprender, empreendedoras e que estão dispostas a enfrentar os desafios do dia a dia com inovação.

Seu Cardápio Diário
Ingredientes que buscamos:
Você tem fome de que?
Nós, FoodLovers, temos fome de inovação e resultado. Buscamos sempre fazer o nosso melhor, pensando ""fora da caixa"" e atuando com agilidade e responsabilidade! Temos fome de diversidade, conhecimento e compartilhamento. Trabalhamos em um ambiente de muita versatilidade. Sabe o que promove a nossa receita especial? As pessoas! Vem fazer parte disso
Ser apaixonado por desenvolvimento de software;
Desenvolver e manter bibliotecas e SDKs de alta performance e alta qualidade para diversas plataformas e linguagens de programação.
Colaborar com outras equipes de engenharia para entender as necessidades e requisitos e traduzi-los em soluções técnicas robustas.
Garantir a documentação completa e precisa de todos os componentes desenvolvidos.
Contribuir para a definição de padrões e revisão de código.
Participar ativamente do ciclo de vida completo do desenvolvimento de software, incluindo planejamento, desenvolvimento, testes e adoção.
Manter-se atualizado com as últimas tendências e tecnologias em engenharia de software.
Conhecimentos profundos em ao menos uma das seguintes linguagens (Java/Kotlin, Golang, Rust).
Conhecimento no uso de filas e tópicos e comunicação assíncrona entre serviços (Kafka, SQS, SNS, RabbitMQ, … ).
Vivência e expertise para lidar com alta performance e resiliência.
Experiência no desenvolvimento de bibliotecas, SDKs ou APIs.
Forte compreensão de estruturas de dados, algoritmos e princípios de design de software.
Excelentes habilidades de comunicação e capacidade de trabalhar efetivamente em equipe.
Ser apaixonado por desenvolvimento de software;
Desenvolver e manter bibliotecas e SDKs de alta performance e alta qualidade para diversas plataformas e linguagens de programação.
Colaborar com outras equipes de engenharia para entender as necessidades e requisitos e traduzi-los em soluções técnicas robustas.
Garantir a documentação completa e precisa de todos os componentes desenvolvidos.
Contribuir para a definição de padrões e revisão de código.
Participar ativamente do ciclo de vida completo do desenvolvimento de software, incluindo planejamento, desenvolvimento, testes e adoção.
Manter-se atualizado com as últimas tendências e tecnologias em engenharia de software.
Conhecimentos profundos em ao menos uma das seguintes linguagens (Java/Kotlin, Golang, Rust).
Conhecimento no uso de filas e tópicos e comunicação assíncrona entre serviços (Kafka, SQS, SNS, RabbitMQ, … ).
Vivência e expertise para lidar com alta performance e resiliência.
Experiência no desenvolvimento de bibliotecas, SDKs ou APIs.
Forte compreensão de estruturas de dados, algoritmos e princípios de design de software.
Excelentes habilidades de comunicação e capacidade de trabalhar efetivamente em equipe.

Nosso modo de fazer no time
Seu Cardápio Diário
Ingredientes que buscamos:
Você tem fome de que?"
Desenvolvedor C/C++,"Somos uma empresa inovadora no segmento de ERP, comprometida com o desenvolvimento de soluções que integram tecnologia de ponta e facilidade de uso. Estamos em busca de um desenvolvedor C/C++ experiente para se juntar à nossa equipe dinâmica e colaborativa.
Responsabilidades:
Qualificações Necessárias:
Desenvolver e manter softwares robustos em C/C++, executando em ambas as plataformas, Windows e Linux.
Integrar sistemas com equipamentos de terceiros utilizando SDKs ou APIs específicas.
Criar e manter interfaces de usuário eficientes e responsivas.
Colaborar com equipes multidisciplinares para definição de requisitos, features e funcionalidades.
Comunicar-se claramente com membros da equipe em diversos níveis técnicos.
Experiência comprovada em desenvolvimento de software em C/C++.
Conhecimento em integração de sistemas com hardware externo através de SDKs ou APIs.
Experiência com bancos de dados PostgreSQL e SQL Server.
Habilidade para desenvolver e manter interfaces de usuário front-end.
Excelente capacidade de trabalho em equipe e comunicação interpessoal.
Desenvolver e manter softwares robustos em C/C++, executando em ambas as plataformas, Windows e Linux.
Integrar sistemas com equipamentos de terceiros utilizando SDKs ou APIs específicas.
Criar e manter interfaces de usuário eficientes e responsivas.
Colaborar com equipes multidisciplinares para definição de requisitos, features e funcionalidades.
Comunicar-se claramente com membros da equipe em diversos níveis técnicos.
Experiência comprovada em desenvolvimento de software em C/C++.
Conhecimento em integração de sistemas com hardware externo através de SDKs ou APIs.
Experiência com bancos de dados PostgreSQL e SQL Server.
Habilidade para desenvolver e manter interfaces de usuário front-end.
Excelente capacidade de trabalho em equipe e comunicação interpessoal.
Responsabilidades:
Qualificações Necessárias:"
Desenvolvedor Júnior – .NET Core,"
Requisitos
Diferenciais
Contratação CLT ou PJ, à combinar
Ajuda no custo no caso de optar pela medicina em grupo;
Vaga 100% Home Office;
Licença Alura para estudo;
Sobre a empresa:
Estamos buscando profissionais apaixonados pelo desenvolvimento de software e que buscam a excelência em tudo que fazem, que entendam o valor de uma equipe, que estejam dispostos a compartilhar conhecimento e que acima de tudo goste de um ambiente dinâmico, fora da zona de conforto.
Priorizamos um ambiente de trabalho leve e sadio, com uma equipe no qual todos querem melhorar como pessoas e contribuir para o crescimento pessoal de todos os envolvidos, prezando o respeito, ética e união.
Atividades:
A oportunidade é para compor o time de Sustentação, onde a atuação em diversos projetos aplicando melhorias, ajustes e correção de bugs.
Terá a oportunidade de agregar e adquirir conhecimento em novas tecnologias, com projetos com: C#, .NET, .NET MVC, Java, Angular, Ionic

Experiência com .net core 6 de meses a 2 anos
Conhecimento em programação orientada a objetos
Conhecimento em lógica de programação
Conhecimento em conexão com banco de dados
Conceitos de SOLID, Design Partner, TDD
Angular 5+
SQL Server, Postgresql
Experiência com .net core 6 de meses a 2 anos
Conhecimento em programação orientada a objetos
Conhecimento em lógica de programação
Conhecimento em conexão com banco de dados
Conceitos de SOLID, Design Partner, TDD
Angular 5+
SQL Server, Postgresql




Requisitos
.net core
Diferenciais
Sobre a empresa:
Atividades:"
Estágio em Desenvolvimento de Software,"A área de “Desenvolvimento” é responsável pelo desenvolvimento de softwares de gestão incríveis.

Seus principais objetivos são desenvolver soluções que geram resultado para nossos clientes, com velocidade, qualidade e facilidade de uso.

Como estagiário em Desenvolvimento você trabalhará em conjunto com nosso time desenvolvendo novas funcionalidades nos softwares de gestão da Nomus.

Essa é uma oportunidade incrível de aprendizado, você irá aprender muito sobre Java, Javascript, struts, Spring, hibernate, jQuery e css, e conseguirá enxergar os resultados do seu trabalho na prática.

O valor da bolsa inicial para a carga horária de 30 horas por semana é de R$ 1.800,00 a R$ 3.600,00 conforme experiência anterior.

Durante o período de estágio você pode progredir entre os níveis 1 a 6 conforme avaliação de desempenho trimestral, e quando subir de nível, você ganha um aumento na bolsa de estágio.

Como estagiário na Nomus você será preparado para ser efetivado como Desenvolvedor da Nomus no prazo mais curto possível, respeitando o tempo necessário para o seu desenvolvimento acadêmico e mantendo o equilíbrio na sua vida pessoal.

Ao ser efetivado como Desenvolvedor da Nomus, você progride em um plano de carreira com níveis de Júnior, Pleno, Sênior e Master.

A progressão na carreira como Desenvolvedor depende da avaliação de desempenho trimestral e ao subir de nível, você ganha um aumento na remuneração fixa e assume cada vez mais desafios.
O seu papel na Nomus será:
Estamos buscando uma pessoa:
Propósito
Queremos transformar a gestão das pequenas e médias indústrias. Acreditamos que é possível construir uma sociedade melhor por meio da boa gestão. A boa gestão viabiliza o crescimento saudável, gera empregos de qualidade e leva o progresso à sociedade.

Compromisso com o sucesso dos clientes
Tudo que fazemos tem como objetivo ajudar nossos clientes a atingir melhores resultados. Temos orgulho das histórias de sucesso de nossos clientes.

Gestão participativa e orientada a resultados
Todos na equipe conhecem os objetivos, indicadores e metas da Nomus. Organizamos reuniões mensais com as equipes para acompanhamento de metas, análise de problemas, debate de ideias e oportunidades de melhoria e definição de planos de ação.

Certificação GPTW como um ótimo lugar para trabalhar
Somos uma empresa com o reconhecimento internacional GPTW (Great Place To Work) que, a partir da sua metodologia e pesquisa interna com os colaboradores Nomus, valida nosso compromisso em criar e mantermos um excelente ambiente de trabalho e boas práticas de gestão de pessoas.
Desenvolver novas funcionalidades previstas no roadmap do produto utilizando Java, Javascript, Struts, Spring, Hibernate, jQuery e CSS.
Fazer testes unitários utilizando Junit
Resolver ajustes.
Apoiar as equipes de suporte e implantação com questões relacionadas ao desenvolvimento.
Cursando graduação em Sistemas de Informação, Ciência da Computação, Informática, Análise de Sistemas ou áreas afins a partir do 3º período.
Que tenha disponibilidade para estagiar 30 horas por semana com horário flexível.
Com iniciativa, vontade de aprender e comprometimento.
Que tenha conhecimento de inglês no mínimo intermediário para leitura e escrita.
Aceitamos candidatos de todo o Brasil. Candidatos com residência no Rio de Janeiro terão regime híbrido. Candidatos com residência fora do Rio de Janeiro terão regime de trabalho home-office de forma permanente.
Seguro de vida em grupo.
Cartão flexível Caju: você escolhe se vai usar em mercados ou restaurantes!
Plano de saúde sem coparticipação
Plano odontológico
Auxílio educação
Bônus semestral alinhado com a avaliação de desempenho e resultado da Nomus
Plano de carreira
Horário flexível
Home-office
Equipamentos fornecidos pela empresa
Gympass
Day off
Licença maternidade e paternidade estendida
Auxílio-coworking
Auxílio-creche para filhos
Desenvolver novas funcionalidades previstas no roadmap do produto utilizando Java, Javascript, Struts, Spring, Hibernate, jQuery e CSS.
Fazer testes unitários utilizando Junit
Resolver ajustes.
Apoiar as equipes de suporte e implantação com questões relacionadas ao desenvolvimento.
Cursando graduação em Sistemas de Informação, Ciência da Computação, Informática, Análise de Sistemas ou áreas afins a partir do 3º período.
Que tenha disponibilidade para estagiar 30 horas por semana com horário flexível.
Com iniciativa, vontade de aprender e comprometimento.
Que tenha conhecimento de inglês no mínimo intermediário para leitura e escrita.
Aceitamos candidatos de todo o Brasil. Candidatos com residência no Rio de Janeiro terão regime híbrido. Candidatos com residência fora do Rio de Janeiro terão regime de trabalho home-office de forma permanente.
Seguro de vida em grupo.
Cartão flexível Caju: você escolhe se vai usar em mercados ou restaurantes!
Plano de saúde sem coparticipação
Plano odontológico
Auxílio educação
Bônus semestral alinhado com a avaliação de desempenho e resultado da Nomus
Plano de carreira
Horário flexível
Home-office
Equipamentos fornecidos pela empresa
Gympass
Day off
Licença maternidade e paternidade estendida
Auxílio-coworking
Auxílio-creche para filhos


















inicial
Responsabilidades e atribuições
Qual será seu papel na Nomus?
Requisitos e qualificações
Qual é o perfil desejado pela Nomus?
Informações adicionais
E quais são as vantagens de fazer parte da equipe da Nomus?
Propósito
Compromisso com o sucesso dos clientes
Gestão participativa e orientada a resultados
Certificação GPTW como um ótimo lugar para trabalhar"
Desenvolvedor .Net Jr,"
Há mais de 23 anos no Brasil, a Ituran é uma empresa referência no mundo em tecnologia, telemetria avançada e mobilidade urbana. Proporcionando tranquilidade e protegendo e recuperando nossas conquistas.

Está em nosso DNA a confiança, empatia, encantamento, engajamento, inovação e integridade. São estes os nossos Valores que nos incentivam cada dia a transformar a vida dos nossos colaboradores e clientes.

Como Desenvolvedor, você terá a oportunidade de trabalhar junto com os membros da Squad para desenhar e implementar funcionalidades em nossos sistemas, contribuindo com todo seu conhecimento em todo o ciclo de desenvolvimento para nossas soluções (rastreamento, cotação, vendas, gestão, BI, cobrança, etc.). Vamos precisar dos seus soft skills como comunicação verbal e escrita, para poder entregar resultados com qualidade em um ambiente ágil. Seu trabalho impactará positivamente na vida de milhões de pessoas interna e externamente. A vaga é 100% remoto.

Podemos contar com você para esse desafio?


Diferencial:


Ficou interessado em saber mais quem é a Ituran no Brasil?
Veja este vídeo e entenda melhor sobre uma das melhores empresas para se trabalhar conforme a pesquisa GPTW. # somosdenovo

https://www.youtube.com/watch?v=J_43toWJb7M
Reconhecemos que toda inovação só pode ser pilotada por pessoas.
Assim, para que a inovação ocorra de forma constante, oferecemos um ambiente de trabalho acolhedor, amigável e tranquilo, pois acreditamos que somente em um espaço seguro conseguimos sair da caixa em prol de novas descobertas.
Assista ao vídeo e conheça um pouco sobre o que molda a nossa cultura e nosso jeito de ser.
Se fizer sentido para você, confira nossas vagas abaixo e venha fazer parte dessa história!
Ituran, tecnologia pilotada por pessoas.

Operacionalizar o início do processo de desenvolvimento dos softwares de monitoramento e rastreamento;
Interagir com a equipe realizando manutenção e prestando suporte quanto as aplicações desenvolvidas;
Executar o desenvolvimento de suas funções dentro dos prazos estabelecidos pela gestão.
Ensino superior completo ou cursando;
Experiência com bancos de dados e linguagens de programação:
Microsoft SQL Server;
Framework .Net: .NET, .NET Core, Entity Framework, C# (Windows Forms e WEB)
Web Forms, API, WebService - SOAP, MVC, WPF, SPA, Asp.Net, Asp.Net Core
Azure DevOps;
Git;
Node.js, Angular e React.
Vaga 100% Home Office, com alinhamemtos mensais junto à equipe.
Plano de Desenvolvimento Individual com bonificação.
Auxílio Home Office (Internet / Luz).
Qualituran: programa de qualidade de vida e bem-estar que oferece mais de 30 ações por ano aos colaboradores.
Total Pass
Convenio Médico e Odontológico.
Auxílio estudo.
Portal de aprendizagem EAD (Alura).
Ambiente tranquilo e respeitoso.
Operacionalizar o início do processo de desenvolvimento dos softwares de monitoramento e rastreamento;
Interagir com a equipe realizando manutenção e prestando suporte quanto as aplicações desenvolvidas;
Executar o desenvolvimento de suas funções dentro dos prazos estabelecidos pela gestão.
Ensino superior completo ou cursando;
Experiência com bancos de dados e linguagens de programação:
Microsoft SQL Server;
Framework .Net: .NET, .NET Core, Entity Framework, C# (Windows Forms e WEB)
Web Forms, API, WebService - SOAP, MVC, WPF, SPA, Asp.Net, Asp.Net Core
Azure DevOps;
Git;
Node.js, Angular e React.
Vaga 100% Home Office, com alinhamemtos mensais junto à equipe.
Plano de Desenvolvimento Individual com bonificação.
Auxílio Home Office (Internet / Luz).
Qualituran: programa de qualidade de vida e bem-estar que oferece mais de 30 ações por ano aos colaboradores.
Total Pass
Convenio Médico e Odontológico.
Auxílio estudo.
Portal de aprendizagem EAD (Alura).
Ambiente tranquilo e respeitoso.













Há mais de 23 anos no Brasil, a Ituran é uma empresa referência no mundo
em tecnologia, telemetria avançada e mobilidade urbana. Proporcionando tranquilidade e protegendo e recuperando nossas conquistas.
Está em nosso DNA a confiança, empatia, encantamento, engajamento, inovação e integridade
Valores

Responsabilidades e atribuições
Requisitos e qualificações
Diferencial:
Informações adicionais
Ficou interessado em saber mais quem é a Ituran no Brasil?
# somosdenovo
Venha para o time Ituran"
Estágio em Tecnologia - Desenvolvimento - 100% REMOTO,"Estágio em Tecnologia - Desenvolvimento - 100% REMOTO
Você é apaixonado por tecnologia e está buscando uma oportunidade para começar sua carreira em desenvolvimento? Nós queremos te conhecer! ?
Estamos em busca de estagiários motivados, curiosos e prontos para aprender. Se você tem vontade de fazer parte de uma equipe inovadora e está interessado em ganhar experiência prática em projetos desafiadores, essa é a sua chance!
Desafios e responsabilidades
Fará parte do time de produto, colaborando com outros desenvolvedores para criar soluções que alcancem nossos objetivos. Isso envolve não apenas o desenvolvimento de novos recursos, mas também a manutenção do código existente, a criação de testes unitários e a resolução de bugs para garantir a qualidade do produto.
Suas responsabilidades abrangem dar apoio a uma variedade de projetos, desde a manutenção de sistemas legados em MVC até o desenvolvimento de novas Web APIs e Single Page Applications (SPAs). Você terá a oportunidade de trabalhar em diferentes tecnologias e contribuir para a evolução de nossas plataformas.
O que não pode faltar
Gostaríamos muito se…
Conhecimentos básicos sobre HTML, CSS e Javascript
Projetos executados utilizando .NET e SQL Server
Nosso pacote de remuneração:
Gostou?? Vem fazer parte deste TIME!
Basta se candidatar no link!!
Atenção candidatos:
Apenas os candidatos pré-selecionados serão contatados para entrevista. Nós nos esforçamos para responder a todos apesar do alto volume de inscrições que recebemos. No entanto, se você não receber um retorno da nossa equipe dentro de 15 dias, favor considerar a sua candidatura para essa posição sem êxito. Podemos entrar em contato com você no futuro para outras oportunidades que tenham correspondência com suas qualificações e experiência.
Estar cursando graduação em Ciência da Computação, Engenharia de Software, Sistemas de Informação ou áreas relacionadas com previsão de formatura após agosto/2025, período noturno ou EAD.
Ter disponibilidade para estagiar de 09h até 16h com 1h de almoço.
Familiaridade com desenvolvimento em C#
Familiaridade com Bancos de Dados
Familiaridade com metodologias ágeis e GIT
Ser viciado em tecnologia, querendo aprender todos os dias
Ser proativo, possuir um ótimo raciocínio lógico, ter atenção aos detalhes e possuir alto nível de comprometimento
Bolsa estágio no valor de R$ 2.276,35
Vale Refeição ou Alimentação - Flash
Ajuda de Custo Mensal - pago em conta corrente para você investir numa boa internet e ajudar na conta de luz!
Seguro de Vida - SulAmérica Seguros
Assistência Funeral - Cobertura para Cônjuge, Filhos, Pais e Sogros
Auxílio Creche - Para as mães e pais
Bolsa Complementar de 13º
Estar cursando graduação em Ciência da Computação, Engenharia de Software, Sistemas de Informação ou áreas relacionadas com previsão de formatura após agosto/2025, período noturno ou EAD.
Ter disponibilidade para estagiar de 09h até 16h com 1h de almoço.
Familiaridade com desenvolvimento em C#
Familiaridade com Bancos de Dados
Familiaridade com metodologias ágeis e GIT
Ser viciado em tecnologia, querendo aprender todos os dias
Ser proativo, possuir um ótimo raciocínio lógico, ter atenção aos detalhes e possuir alto nível de comprometimento
Bolsa estágio no valor de R$ 2.276,35
Vale Refeição ou Alimentação - Flash
Ajuda de Custo Mensal - pago em conta corrente para você investir numa boa internet e ajudar na conta de luz!
Seguro de Vida - SulAmérica Seguros
Assistência Funeral - Cobertura para Cônjuge, Filhos, Pais e Sogros
Auxílio Creche - Para as mães e pais
Bolsa Complementar de 13º

Estágio em Tecnologia - Desenvolvimento - 100% REMOTO
Desafios e responsabilidades
O que não pode faltar
Gostaríamos muito se…
Nosso pacote de remuneração:
Basta se candidatar no link!!
Atenção candidatos:"
Desenvolvedor .NET Sênior,"Estamos buscando um Desenvolvedor .NET altamente qualificado e experiente para se juntar à nossa equipe de desenvolvimento. Você será responsável por liderar o desenvolvimento de aplicações web e desktop, garantindo a entrega de soluções de alta qualidade e escaláveis.
Responsabilidades:
Requisitos:
Diferenciais:
Oferecemos:
Tipo de vaga: Efetivo CLT
Pagamento: Até R$12.000,00 por mês
Benefícios:
Horário de trabalho:
Pagamento adicional:
Experiência:
Desenvolver aplicações web dinâmicas e escaláveis utilizando as mais recentes tecnologias e melhores práticas de desenvolvimento.
Colaborar com uma equipe multidisciplinar para projetar, implementar e manter soluções web inovadoras.
Participar ativamente do processo de planejamento, análise e desenvolvimento de novos recursos e funcionalidades.
Realizar testes unitários e integrados para garantir a qualidade e estabilidade das aplicações desenvolvidas.
Manter-se atualizado sobre as tendências e tecnologias emergentes no campo do desenvolvimento web.
Experiência sólida em desenvolvimento front-end utilizando HTML5, CSS3 e JavaScript, e experiência com bibliotecas/frameworks modernos como React, Angular ou Vue.js.
Proficiência em uma linguagem de programação back-end, como Node.js, Python, Ruby ou Java, e em frameworks como Express.js, Flask, Django ou Spring Boot.
Conhecimento em bancos de dados relacionais (MySQL, PostgreSQL) e/ou NoSQL (MongoDB, Firebase).
Familiaridade com ferramentas de controle de versão, como Git, e em metodologias ágeis de desenvolvimento de software.
Experiência com serviços em nuvem, como AWS, Azure ou Google Cloud Platform, e em implementação de APIs RESTful.
Habilidades de resolução de problemas, comunicação eficaz e trabalho em equipe.
Experiência em desenvolvimento de aplicações progressivas (PWA).
Conhecimento em técnicas de otimização de desempenho web e SEO.
Familiaridade com ferramentas de automação de testes, como Jest, Cypress ou Selenium.
Experiência com ferramentas de CI/CD (Integração Contínua/Entrega Contínua).
Certificações relevantes em desenvolvimento web ou em tecnologias específicas.
Ambiente de trabalho colaborativo e inovador.
Oportunidades de aprendizado e desenvolvimento profissional contínuo.
Projetos desafiadores e estimulantes.
Remuneração competitiva e benefícios atrativos.
Assistência médica
Assistência odontológica
Auxílio-combustível
Auxílio-creche
Celular da empresa
Convênios e descontos comerciais
Seguro de vida
Vale-alimentação
Vale-refeição
Vale-transporte
De segunda à sexta-feira
13º salário
Desenvolvedor .NET (Obrigatório)
AWS (Obrigatório)
Mensagerias (Obrigatório)
Banco de Dados (Obrigatório)
Desenvolver aplicações web dinâmicas e escaláveis utilizando as mais recentes tecnologias e melhores práticas de desenvolvimento.
Colaborar com uma equipe multidisciplinar para projetar, implementar e manter soluções web inovadoras.
Participar ativamente do processo de planejamento, análise e desenvolvimento de novos recursos e funcionalidades.
Realizar testes unitários e integrados para garantir a qualidade e estabilidade das aplicações desenvolvidas.
Manter-se atualizado sobre as tendências e tecnologias emergentes no campo do desenvolvimento web.
Experiência sólida em desenvolvimento front-end utilizando HTML5, CSS3 e JavaScript, e experiência com bibliotecas/frameworks modernos como React, Angular ou Vue.js.
Proficiência em uma linguagem de programação back-end, como Node.js, Python, Ruby ou Java, e em frameworks como Express.js, Flask, Django ou Spring Boot.
Conhecimento em bancos de dados relacionais (MySQL, PostgreSQL) e/ou NoSQL (MongoDB, Firebase).
Familiaridade com ferramentas de controle de versão, como Git, e em metodologias ágeis de desenvolvimento de software.
Experiência com serviços em nuvem, como AWS, Azure ou Google Cloud Platform, e em implementação de APIs RESTful.
Habilidades de resolução de problemas, comunicação eficaz e trabalho em equipe.
Experiência em desenvolvimento de aplicações progressivas (PWA).
Conhecimento em técnicas de otimização de desempenho web e SEO.
Familiaridade com ferramentas de automação de testes, como Jest, Cypress ou Selenium.
Experiência com ferramentas de CI/CD (Integração Contínua/Entrega Contínua).
Certificações relevantes em desenvolvimento web ou em tecnologias específicas.
Ambiente de trabalho colaborativo e inovador.
Oportunidades de aprendizado e desenvolvimento profissional contínuo.
Projetos desafiadores e estimulantes.
Remuneração competitiva e benefícios atrativos.
Assistência médica
Assistência odontológica
Auxílio-combustível
Auxílio-creche
Celular da empresa
Convênios e descontos comerciais
Seguro de vida
Vale-alimentação
Vale-refeição
Vale-transporte
De segunda à sexta-feira
13º salário
Desenvolvedor .NET (Obrigatório)
AWS (Obrigatório)
Mensagerias (Obrigatório)
Banco de Dados (Obrigatório)
Responsabilidades:
Requisitos:
Diferenciais:
Oferecemos:"
Desenvolvedor QA,"VAGA 100% PRESENCIAL
Responsabilidades
Requisitos
Diferenciais Desejáveis
Tipo de vaga: Efetivo CLT
Pagamento: R$2.000,00 - R$4.000,00 por mês
Benefícios:
Horário de trabalho:
Pagamento adicional:
Colaborar com a equipe de desenvolvimento para compreender os requisitos do projeto e os critérios de aceitação.
Criar e executar planos de teste abrangentes, incluindo casos de teste detalhados, cenários e planos de teste de regressão.
Identificar e documentar bugs, problemas e sugestões de melhorias de forma clara e precisa.
Planejar e implementar testes automatizados, buscando eficiência e melhorias contínuas junto ao time de QA.
Ajudar a criar automação para garantir a qualidade dos nossos produtos em produção.
Assegurar a qualidade dos diversos meios de pagamento utilizados pelos compradores nos ecommerces dos nossos clientes.
Verificar a assertividade dos dados de dashboards.
Verificar a assertividade dos dados consumidos pela API.
Realizar testes de desempenho, segurança e usabilidade conforme necessário.
Manter a documentação de testes sempre precisa e atualizada.
Trabalhar de forma colaborativa com a equipe de desenvolvimento para solucionar problemas e garantir a alta qualidade do software.
Experiência comprovada como QA ou em um papel similar (Tester, etc.).
Experiência prática com Python e Selenium para automação de testes.
Conhecimento sólido de metodologias de teste, ferramentas e processos de QA.
Experiência na criação e execução de testes manuais; conhecimento em testes automatizados é altamente desejável.
Capacidade de trabalhar de forma independente e em equipe, com atitude pró-ativa na resolução de problemas.
Habilidade na criação e manutenção de planilhas para controle de qualidade.
Conhecimento em Docker para a criação e gestão de ambientes de teste.
Vale-refeição
Vale-transporte
De segunda à sexta-feira
13º salário
Bônus de aniversário
Plano de Incentivo
Colaborar com a equipe de desenvolvimento para compreender os requisitos do projeto e os critérios de aceitação.
Criar e executar planos de teste abrangentes, incluindo casos de teste detalhados, cenários e planos de teste de regressão.
Identificar e documentar bugs, problemas e sugestões de melhorias de forma clara e precisa.
Planejar e implementar testes automatizados, buscando eficiência e melhorias contínuas junto ao time de QA.
Ajudar a criar automação para garantir a qualidade dos nossos produtos em produção.
Assegurar a qualidade dos diversos meios de pagamento utilizados pelos compradores nos ecommerces dos nossos clientes.
Verificar a assertividade dos dados de dashboards.
Verificar a assertividade dos dados consumidos pela API.
Realizar testes de desempenho, segurança e usabilidade conforme necessário.
Manter a documentação de testes sempre precisa e atualizada.
Trabalhar de forma colaborativa com a equipe de desenvolvimento para solucionar problemas e garantir a alta qualidade do software.
Experiência comprovada como QA ou em um papel similar (Tester, etc.).
Experiência prática com Python e Selenium para automação de testes.
Conhecimento sólido de metodologias de teste, ferramentas e processos de QA.
Experiência na criação e execução de testes manuais; conhecimento em testes automatizados é altamente desejável.
Capacidade de trabalhar de forma independente e em equipe, com atitude pró-ativa na resolução de problemas.
Habilidade na criação e manutenção de planilhas para controle de qualidade.
Conhecimento em Docker para a criação e gestão de ambientes de teste.
Vale-refeição
Vale-transporte
De segunda à sexta-feira
13º salário
Bônus de aniversário
Plano de Incentivo
VAGA 100% PRESENCIAL
Responsabilidades
Requisitos
Python
Selenium
Diferenciais Desejáveis
Docker"
Desenvolvedor Web,"Vaga de Desenvolvedor Web para atuar na área do Marketing da FIESP.



A entidade oferece para esta vaga salário compatível com a senioridade do cargo e os seguintes benefícios:
A Federação das Indústrias do Estado de São Paulo (FIESP) é a maior entidade de classe da indústria brasileira. Representa cerca de 130 mil indústrias de diversos setores, de todos os portes e das mais diferentes cadeias produtivas, distribuídas em 131 sindicatos patronais.

Venha fazer parte do nosso quadro de colaboradores!
Desenvolvimento de Soluções Web:
Criar, desenvolver e manter soluções web completas;
Integrar dados de vários serviços de back-end e bancos de dados;
Realizar diagnósticos regulares;
Gerenciar analytics e estatísticas de acesso e resultados;
Realizar a codificação de programas em C#, Python ou JavaScript;
Desenvolver e implementar APIs RESTful para integração com outros sistemas;
Manutenção e Otimização de Sites;
Análise de Dados e Relatórios;
Interface com a Equipe de TI.
Ciência da Computação, Engenharia de Software, Sistemas de Informação ou áreas correlatas.
Proficiência em C#, HTML5, .NET Core;
Experiência em frameworks web como ASP.NET Core, Angular, React, etc;
Conhecimento de linguagens como Python ou JavaScript;
Experiência em ambientes operacionais de banco de dados SQL Server e Oracle, incluindo modelagem de dados, criação de Stored Procedures, triggers, views e functions;
Familiaridade com ferramentas de versionamento de código-fonte, como Git, SVN, Mercurial, CVS, SourceSafe ou TFS.
Experiência com design responsivo, SEO, automação de testes e DevOps;
Experiência anterior em projetos de marketing digital;
Habilidades de comunicação, trabalho em equipe, análise e resolução de problemas.
Vale-refeição;
Vale-transporte;
Assistência médica;
Convênio farmácia;
Seguro de vida;
Auxílio creche;
Bolsa de estudos;
Previdência privada;
Ginástica Laboral;
Gympass;
Apoio pass.
Desenvolvimento de Soluções Web:
Criar, desenvolver e manter soluções web completas;
Integrar dados de vários serviços de back-end e bancos de dados;
Realizar diagnósticos regulares;
Gerenciar analytics e estatísticas de acesso e resultados;
Realizar a codificação de programas em C#, Python ou JavaScript;
Desenvolver e implementar APIs RESTful para integração com outros sistemas;
Manutenção e Otimização de Sites;
Análise de Dados e Relatórios;
Interface com a Equipe de TI.
Ciência da Computação, Engenharia de Software, Sistemas de Informação ou áreas correlatas.
Proficiência em C#, HTML5, .NET Core;
Experiência em frameworks web como ASP.NET Core, Angular, React, etc;
Conhecimento de linguagens como Python ou JavaScript;
Experiência em ambientes operacionais de banco de dados SQL Server e Oracle, incluindo modelagem de dados, criação de Stored Procedures, triggers, views e functions;
Familiaridade com ferramentas de versionamento de código-fonte, como Git, SVN, Mercurial, CVS, SourceSafe ou TFS.
Experiência com design responsivo, SEO, automação de testes e DevOps;
Experiência anterior em projetos de marketing digital;
Habilidades de comunicação, trabalho em equipe, análise e resolução de problemas.
Vale-refeição;
Vale-transporte;
Assistência médica;
Convênio farmácia;
Seguro de vida;
Auxílio creche;
Bolsa de estudos;
Previdência privada;
Ginástica Laboral;
Gympass;
Apoio pass.











Responsabilidades e atribuições
Desenvolvimento de Soluções Web:
Manutenção e Otimização de Sites;
Análise de Dados e Relatórios;
Interface com a Equipe de TI.
Requisitos e qualificações
Ensino Superior completo em:
Requisitos Técnicos:
Conhecimentos Desejáveis:
Informações adicionais
A entidade oferece para esta vaga salário compatível com a senioridade do cargo e os seguintes benefícios:
Venha fazer parte do nosso quadro de colaboradores!"
Desenvolvedor(a) de Software Java Sr,"Responsabilidades:

Requisitos:
Diferenciais:

Benefícios:

Gerenciar todo o ciclo de vida do desenvolvimento de software;
Colaborar com gestores, product owner, clientes e equipe de desenvolvimento;
Contribuir para definições de arquitetura e assegurar a correta implementação;
Desenvolver e otimizar estruturas de banco de dados conforme as necessidades das aplicações;
Criar e integrar APIs;
Identificar, corrigir e atualizar erros em aplicações desenvolvidas;
Implementar soluções de segurança e proteção de dados;
Produzir documentação técnica.
Experiência em desenvolver e integrar APIs REST;
Proficiente em Java, Spring Boot, Spring Batch e microsserviços;
Experiência com ferramentas de mensageria como RabbitMQ ou Kafka;
Familiaridade com GitLab, GitFlow;
Conhecimento em TDD e BDD;
Experiência em Arquitetura Hexagonal e princípios SOLID;
Experiência com migrações para AWS e microserviços;
Conhecimento em bancos de dados NoSQL, especialmente MongoDB, e Oracle;
Experiência com metodologias ágeis;
Perfil proativo, comunicativo e orientado à resolução de problemas.
Conhecimento em JUnit;
Experiência em desenho, modelagem e arquitetura de soluções;
Experiência em CI/CD, Jenkins e DevOps;
Familiaridade com PL/SQL.
Plano de saúde;
Gympass;
Auxílio home office;
Vale-refeição e/ou vale-alimentação;
Dia de folga no aniversário.
Gerenciar todo o ciclo de vida do desenvolvimento de software;
Colaborar com gestores, product owner, clientes e equipe de desenvolvimento;
Contribuir para definições de arquitetura e assegurar a correta implementação;
Desenvolver e otimizar estruturas de banco de dados conforme as necessidades das aplicações;
Criar e integrar APIs;
Identificar, corrigir e atualizar erros em aplicações desenvolvidas;
Implementar soluções de segurança e proteção de dados;
Produzir documentação técnica.
Experiência em desenvolver e integrar APIs REST;
Proficiente em Java, Spring Boot, Spring Batch e microsserviços;
Experiência com ferramentas de mensageria como RabbitMQ ou Kafka;
Familiaridade com GitLab, GitFlow;
Conhecimento em TDD e BDD;
Experiência em Arquitetura Hexagonal e princípios SOLID;
Experiência com migrações para AWS e microserviços;
Conhecimento em bancos de dados NoSQL, especialmente MongoDB, e Oracle;
Experiência com metodologias ágeis;
Perfil proativo, comunicativo e orientado à resolução de problemas.
Conhecimento em JUnit;
Experiência em desenho, modelagem e arquitetura de soluções;
Experiência em CI/CD, Jenkins e DevOps;
Familiaridade com PL/SQL.
Plano de saúde;
Gympass;
Auxílio home office;
Vale-refeição e/ou vale-alimentação;
Dia de folga no aniversário.


Responsabilidades:
Requisitos:
Diferenciais:
Benefícios:"
Desenvolvedor Full Stack,"A ZOUPHY nasceu para as instituições de educação e saúde. Somos uma plataforma Edtech e Healthtech que facilita a troca de dados e conteúdos.
Estamos em busca de um(a) Desenvolvedor(a) Full Stack, que terá a responsabilidade de projetar e implementar recursos tanto no front-end quanto no back-end.
Se interessou por esses desafios? Encaminhe a sua inscrição!
Responsabilidades:
Atuar no desenvolvimento de aplicações web escaláveis, resilientes e de alta disponibilidade;
Auxiliar na avaliação e definição da arquitetura de sistemas e softwares;
Capacidade de identificar e propor melhorias;
Criar código e bibliotecas reutilizáveis para uso futuro utilizando técnicas de Clean Code e Design Patterns;
Forte conhecimento de PHP, JavaScript, HTML, CSS e suas melhores práticas e frameworks como React, Angular ou Vue.js;
Experiência com uma ou mais linguagens de programação backend, como Node.js, Python ou Java;
Familiaridade com bancos de dados relacionais e não-relacionais como mysql. MongoDB e outros;
Conhecimentos em arquitetura de micros serviços para criação e consumo de APIs;
Experiência com ferramentas de controle de versão, como Git e swagger para documentação em APIs.
Atuar no desenvolvimento de aplicações web escaláveis, resilientes e de alta disponibilidade;
Auxiliar na avaliação e definição da arquitetura de sistemas e softwares;
Capacidade de identificar e propor melhorias;
Criar código e bibliotecas reutilizáveis para uso futuro utilizando técnicas de Clean Code e Design Patterns;
Forte conhecimento de PHP, JavaScript, HTML, CSS e suas melhores práticas e frameworks como React, Angular ou Vue.js;
Experiência com uma ou mais linguagens de programação backend, como Node.js, Python ou Java;
Familiaridade com bancos de dados relacionais e não-relacionais como mysql. MongoDB e outros;
Conhecimentos em arquitetura de micros serviços para criação e consumo de APIs;
Experiência com ferramentas de controle de versão, como Git e swagger para documentação em APIs.
ZOUPHY
Desenvolvedor(a) Full Stack,
Encaminhe a sua inscrição!
Responsabilidades:"
Desenvolvedor(a) Full Stack,"No momento estamos em busca de um(a) Desenvolvedor(a) Full Stack engajado para integrar nosso time internacional! Se você é uma pessoa proativa, que atua há pelo menos 3 anos no mercado e procura oportunidades reais de crescimento profissional, essa oportunidade é para você!
A Tech6 Group é uma provedora de soluções tecnológicas, especializada em uma variedade de softwares e serviços que impulsionam o desempenho empresarial. Com clientes na América Latina, EUA e Portugal, nossos produtos incluem soluções para planejamento orçamentário e de investimentos, consolidação financeira, autenticação unificada, planejamento estratégico de RH, entre outras. Também parceiros de plataformas como MicroStrategy, Teradata, Datarobot, Alation, Oracle e Salesforce, somos reconhecidos como líder em eficiência operacional no que diz respeito à soluções inovadoras em CRM, BI, CPM e tecnologias de nuvem.
Planejar e desenvolver a arquitetura de aplicações utilizando C#/.Net em conjunto com frameworks front-end como Angular e React.js.
Definir e implementar padrões de design e melhores práticas para assegurar a escalabilidade, manutenibilidade e performance das aplicações.
Codificar e revisar código em C#/.Net para back-end e Angular/React.js para front-end.
Desenvolver componentes reutilizáveis e garantir a integração adequada entre front-end e back-end.
Escrever e manter testes automatizados (unitários, de integração e end-to-end) para garantir a qualidade do software.
Realizar code reviews e participar de sessões de pair programming para manter a qualidade do código e compartilhar conhecimento com a equipe.
Configurar e gerenciar recursos na Azure, incluindo App Services, SQL Databases, Azure Functions, e outros serviços relevantes.
Configurar pipelines de CI/CD utilizando Azure DevOps para automação de builds, testes e deploys.
Monitorar e otimizar pipelines para garantir eficiência e rapidez no processo de entrega de software.
Participar de revisões de performance e ajudar na definição de objetivos e metas para a equipe de desenvolvimento.
Experiência prévia como desenvolvedor(a) de no mínimo 3 anos.
Inglês intermediário.
Angular e/ou React.
C#/.Net.
Microsoft Azure.
SQL Databases.
Comprometimento com prazos.
Trabalho em equipe.
Organização.
Proatividade.
Plano de Saúde.
Plano Odontológico.
Remuneração competitiva.
Programas de desenvolvimento individual.
Planejar e desenvolver a arquitetura de aplicações utilizando C#/.Net em conjunto com frameworks front-end como Angular e React.js.
Definir e implementar padrões de design e melhores práticas para assegurar a escalabilidade, manutenibilidade e performance das aplicações.
Codificar e revisar código em C#/.Net para back-end e Angular/React.js para front-end.
Desenvolver componentes reutilizáveis e garantir a integração adequada entre front-end e back-end.
Escrever e manter testes automatizados (unitários, de integração e end-to-end) para garantir a qualidade do software.
Realizar code reviews e participar de sessões de pair programming para manter a qualidade do código e compartilhar conhecimento com a equipe.
Configurar e gerenciar recursos na Azure, incluindo App Services, SQL Databases, Azure Functions, e outros serviços relevantes.
Configurar pipelines de CI/CD utilizando Azure DevOps para automação de builds, testes e deploys.
Monitorar e otimizar pipelines para garantir eficiência e rapidez no processo de entrega de software.
Participar de revisões de performance e ajudar na definição de objetivos e metas para a equipe de desenvolvimento.
Experiência prévia como desenvolvedor(a) de no mínimo 3 anos.
Inglês intermediário.
Angular e/ou React.
C#/.Net.
Microsoft Azure.
SQL Databases.
Comprometimento com prazos.
Trabalho em equipe.
Organização.
Proatividade.
Plano de Saúde.
Plano Odontológico.
Remuneração competitiva.
Programas de desenvolvimento individual.









Desenvolvedor(a) Full Stack
time internacional
Responsabilidades e atribuições
Requisitos e qualificações
Informações adicionais
Benefícios:
Tech6 Group
soluções inovadoras em CRM, BI, CPM e tecnologias de nuvem"
